INSERT INTO users (id, name,age) VALUES (1, "Kyle", 27), (2, "Jess", 23), (3, "Kyle", 27), (4, "Kyle", 27), (5, "Kyle", 27), (6, "Kyle", 27), (7, "Kyle", 27), (8, "Kyle", 27), (9, "Kyle", 27), (10, "Kyle", 27), (11, "Kyle", 27), (12, "Kyle", 27), (13, "Kyle", 27), (14, "Kyle", 27), (15, "Kyle", 27), (16, "Kyle", 27), (17, "Kyle", 27), (18, "Kyle", 27), (19, "Kyle", 27), (20, "Kyle", 27);
INSERT INTO projects (id, title, category, funding_goal, start_date, end_date) VALUES (1, "Indie Game", "games", 1000, "4-20-2020", "4-20-2021"),(2, "My new Album", "music", 500, "1-20-2020", "1-20-2021"),(3, "I need a Puppy", "Animals", 150, "6-4-2020", "6-20-2020"),(4, "Help me get a tutor", "school", 300, "4-20-2020", "4-20-2021"),(5, "Metalica Tickets", "music", 200, "4-20-2020", "5-20-2020"),(6, "Walking Dead Fan Fic", "books", 50, "4-20-2020", "4-26-2021"),(7, "Build a new Dog House", "Animals", 500, "4-20-2020", "5-30-2020"),(8, "Help Me Fix My Car", "Cars", 3500, "4-20-2020", "4-25-2020"),(9, "New Hair Salon", "Business", 5000, "4-20-2020", "4-20-2021"),(10, "Climb Mount Everest", "Adventure", 50000, "4-20-2020", "4-30-2021");
INSERT INTO pledges (id, amount, user_id, project_id) VALUES 
(1, 15, 1, 1),
(2, 200, 1, 4),
(3, 150, 1, 3),
(4, 20, 2, 4),
(5, 200, 2, 10),
(6, 16, 2, 2),
(7, 70, 3, 3),
(8, 40, 3, 5),
(9, 30, 3, 9),
(10, 150, 4, 2),
(11, 20, 4, 10),
(12, 50, 4, 1),
(13, 60, 5, 2),
(14, 10, 5, 10),
(15, 15, 5, 8),
(16, 75, 6, 6),
(17, 40, 6, 5),
(18, 50, 6, 10),
(19, 20, 7, 4),
(20, 50, 7, 8),
(21, 40, 7, 3),
(22, 150, 8, 5),
(23, 30, 8, 3),
(24, 40, 8, 2),
(25, 170, 9, 9),
(26, 160, 9, 10),
(27, 30, 9, 5),
(28, 20, 10, 6),
(29, 20, 10, 5),
(30, 35, 10, 10);